Use Banco;

INSERT INTO CLIENTES (Ci, Nombre, Apellido) VALUES
('12345678', 'María', 'González'),
('87654321', 'Carlos', 'Pérez'),
('11223344', 'Lucía', 'Martínez'),
('44332211', 'Juan', 'Rodríguez'),
('55667788', 'Ana', 'López'),
('99887766', 'Pedro', 'Ramírez'),
('22334455', 'Sofía', 'Fernández'),
('33445566', 'Diego', 'Torres'),
('44556677', 'Camila', 'Gutiérrez'),
('66778899', 'Mateo', 'Alvarez');

INSERT INTO MONEDAS VALUES
('858','UYU'),
('840','USD'),
('978','EUR');

INSERT INTO CUENTAS (Ci, NumeroDeCuenta, Moneda, Saldo, FechaApertura) VALUES
('12345678', '000013478291', '858', 10250.50, '2021-06-17'),
('12345678', '000014938274', '858', 15000.00, '2023-03-12'),
('12345678', '002005983124', '840', 3200.00,  '2022-09-05'),
('87654321', '000018921745', '858', 5500.00,  '2020-12-01'),
('87654321', '003001748201', '978', 430.75,   '2022-06-23'),
('87654321', '000017850023', '840', 2500.25,  '2023-08-14'),
('11223344', '000010054890', '858', 750.00,   '2024-01-03'),
('44332211', '000028745901', '858', 3400.80,  '2022-11-18'),
('44332211', '003009876543', '840', 1230.00,  '2023-07-07'),
('55667788', '000032587410', '858', 9850.60,  '2021-04-28'),
('55667788', '003001122334', '978', 125.00,   '2022-05-10'),
('55667788', '002385920167', '978', 1200.00,  '2023-10-22'),
('99887766', '000047893215', '858', 4500.00,  '2020-09-30'),
('99887766', '002004567890', '840', 300.00,   '2023-02-11'),
('99887766', '001075309122', '840', 983.00,   '2022-01-20'),
('99887766', '003001237890', '978', 800.00,   '2021-11-05'),
('22334455', '000053214789', '858', 6700.30,  '2023-05-14'),
('33445566', '000068941200', '858', 1900.99,  '2021-07-25'),
('33445566', '003005647382', '978', 120.00,   '2023-06-06'),
('44556677', '000071029384', '858', 9100.00,  '2022-03-31'),
('44556677', '002008473621', '840', 200.00,   '2024-04-01'),
('66778899', '000085647381', '858', 4000.00,  '2021-02-13'),
('66778899', '003009483726', '978', 600.00,   '2023-01-08'),
('66778899', '002003726154', '840', 700.00,   '2022-08-09');

INSERT INTO OPERACIONES(Tipo, Descripcion) VALUES
(1, 'DEPOSITO'),
(2, 'RETIRO'), 
(3, 'TRANSFERENCIA ENTRE CUENTAS');